{
    "琼山区": [
        110.353972,
        20.00317
    ],
    "龙华区":[
        110.328492,
        20.031007
    ],
    "秀英区":[
        110.293561,
        20.007969
    ],
    "美兰区":[
        110.366357,
        20.029083
    ]
}